insert into projeto_hotel.hóspede (Nome, CPF, Data_Nascimento, Telefone)
values ('André', '05188436450', '1993/11/30', '81985672235');




insert into projeto_hotel.hóspede (Nome, CPF, Data_Nascimento, Telefone)
values ('Matheus', '22222222222', '2015/02/21', '98122222222');




insert into projeto_hotel.hóspede (Nome, CPF, Data_Nascimento, Telefone)
values ('Lucas', '33333333333', '2015/12/20', '81933333333');




insert into projeto_hotel.hóspede (Nome, CPF, Data_Nascimento, Telefone)
values ('Pedro', '44444444444', '2014/12/12', '81944444444');




insert into projeto_hotel.hóspede (Nome, CPF, Data_Nascimento, Telefone)
values ('Maria', '55555555555', '1990/04/03', '81955555555');




insert into projeto_hotel.hóspede (Nome, CPF, Data_Nascimento, Telefone)
values ('Carlos', '66666666666', '1991/12/12', '81966666666');




insert into projeto_hotel.hóspede (Nome, CPF, Data_Nascimento, Telefone)
values ('Joaquim', '77777777777', '2015/02/01', '81977777777');




insert into projeto_hotel.hóspede (Nome, CPF, Data_Nascimento, Telefone)
values ('Chico', '88888888888', '2015/12/20', '81988888888');




insert into projeto_hotel.hóspede (Nome, CPF, Data_Nascimento, Telefone)
values ('Ilma', '99999999999', '2014/12/12', '81999999999');




insert into projeto_hotel.hóspede (Nome, CPF, Data_Nascimento, Telefone)
values ('Vilma', '00405524706', '2010/12/30', '81910101010');




insert into projeto_hotel.endereco (ID_Hóspede, Rua, Número, Bairro, Cidade, CEP)
values (1, 'Rua 01', 1, 'Bairro 01', 'Cidade 01', '11111111');



insert into projeto_hotel.endereco (ID_Hóspede, Rua, Número, Bairro, Cidade, CEP)
values (2, 'Rua 02', 2, 'Bairro 02', 'Cidade 02', '22222222');

insert into projeto_hotel.endereco (ID_Hóspede, Rua, Número, Bairro, Cidade, CEP)
values (3, 'Rua 03', 3, 'Bairro 03', 'Cidade 03', '33333333');



insert into projeto_hotel.endereco (ID_Hóspede, Rua, Número, Bairro, Cidade, CEP)
values (4, 'Rua 04', 4, 'Bairro 04', 'Cidade 04', '44444444');



insert into projeto_hotel.endereco (ID_Hóspede, Rua, Número, Bairro, Cidade, CEP)
values (5, 'Rua 05', 5, 'Bairro 05', 'Cidade 05', '55555555');



insert into projeto_hotel.endereco (ID_Hóspede, Rua, Número, Bairro, Cidade, CEP)
values (6, 'Rua 06', 6, 'Bairro 06', 'Cidade 06', '66666666');



insert into projeto_hotel.endereco (ID_Hóspede, Rua, Número, Bairro, Cidade, CEP)
values (7, 'Rua 07', 7, 'Bairro 07', 'Cidade 07', '77777777');



insert into projeto_hotel.endereco (ID_Hóspede, Rua, Número, Bairro, Cidade, CEP)
values (8, 'Rua 08', 8, 'Bairro 08', 'Cidade 08', '88888888');



insert into projeto_hotel.endereco (ID_Hóspede, Rua, Número, Bairro, Cidade, CEP)
values (9, 'Rua 09', 9, 'Bairro 09', 'Cidade 09', '99999999');



insert into projeto_hotel.endereco (ID_Hóspede, Rua, Número, Bairro, Cidade, CEP)
values (10, 'Rua 10', 10, 'Bairro 10', 'Cidade 10', '10101010');




insert into projeto_hotel.produto (Nome, Valor)
values ('Pizza', 25.90);


insert into projeto_hotel.produto (Nome, Valor)
values ('Suco 500 ml', 4.50);



insert into projeto_hotel.produto (Nome, Valor)
values ('Coxinha', 3.80);


insert into projeto_hotel.produto (Nome, Valor)
values ('Hambúrguer', 9.99);



insert into projeto_hotel.produto (Nome, Valor)
values ('Chocolate', 5.90);


insert into projeto_hotel.produto (Nome, Valor)
values ('Whisky', 29.90);



insert into projeto_hotel.produto (Nome, Valor)
values ('Cerveja 600 ml', 5.50);


insert into projeto_hotel.produto (Nome, Valor)
values ('Refrigerante', 2.50);


insert into projeto_hotel.produto (Nome, Valor)
values ('Vinho', 50.50);


insert into projeto_hotel.produto (Nome, Valor)
values ('Castanha', 4.50);




insert into projeto_hotel.quarto (Diária, Capacidade_Hóspedes, Status)
values (49.99, 3, 1);





insert into projeto_hotel.quarto (Diária, Capacidade_Hóspedes, Status)
values (59.99, 4, 1);





insert into projeto_hotel.quarto (Diária, Capacidade_Hóspedes, Status)
values (69.99, 5, 1);





insert into projeto_hotel.quarto (Diária, Capacidade_Hóspedes, Status)
values (79.99, 6, 1);





insert into projeto_hotel.quarto (Diária, Capacidade_Hóspedes, Status)
values (89.99, 7, 1);





insert into projeto_hotel.quarto (Diária, Capacidade_Hóspedes, Status)
values (29.99, 2, 1);





insert into projeto_hotel.quarto (Diária, Capacidade_Hóspedes, Status)
values (19.99, 1, 1);





insert into projeto_hotel.quarto (Diária, Capacidade_Hóspedes, Status)
values (39.99, 4, 1);





insert into projeto_hotel.quarto (Diária, Capacidade_Hóspedes, Status)
values (179.99, 8, 1);





insert into projeto_hotel.quarto (Diária, Capacidade_Hóspedes, Status)
values (119.99, 10, 1);




insert into projeto_hotel.consumo (ID_Quarto)values (1);



insert into projeto_hotel.consumo (ID_Quarto)
values (2);




insert into projeto_hotel.consumo (ID_Quarto)
values (3);



insert into projeto_hotel.consumo (ID_Quarto)
values (4);




insert into projeto_hotel.consumo (ID_Quarto)
values (5);



insert into projeto_hotel.consumo (ID_Quarto)
values (6);




insert into projeto_hotel.consumo (ID_Quarto)
values (7);



insert into projeto_hotel.consumo (ID_Quarto)
values (8);




insert into projeto_hotel.consumo (ID_Quarto)
values (9);



insert into projeto_hotel.consumo (ID_Quarto)
values (10);




insert into projeto_hotel.consumo_produto (Consumo_ID_Consumo, Produto_ID_Produto)
values (1, 1);



insert into projeto_hotel.consumo_produto (Consumo_ID_Consumo, Produto_ID_Produto)
values (2, 2);



insert into projeto_hotel.consumo_produto (Consumo_ID_Consumo, Produto_ID_Produto)
values (3, 3);



insert into projeto_hotel.consumo_produto (Consumo_ID_Consumo, Produto_ID_Produto)
values (4, 4);



insert into projeto_hotel.consumo_produto (Consumo_ID_Consumo, Produto_ID_Produto)
values (5, 5);



insert into projeto_hotel.consumo_produto (Consumo_ID_Consumo, Produto_ID_Produto)
values (6, 6);



insert into projeto_hotel.consumo_produto (Consumo_ID_Consumo, Produto_ID_Produto)
values (7, 7);



insert into projeto_hotel.consumo_produto (Consumo_ID_Consumo, Produto_ID_Produto)
values (8, 8);



insert into projeto_hotel.consumo_produto (Consumo_ID_Consumo, Produto_ID_Produto)
values (9, 9);



insert into projeto_hotel.consumo_produto (Consumo_ID_Consumo, Produto_ID_Produto)
values (10, 10);




insert into projeto_hotel.ocupação (ID_Hóspede, ID_Quarto, ID_Consumo, Data_Entrada, Dias_Ocupados)
values (1, 1, 1, '2015/08/26', 3);




insert into projeto_hotel.ocupação (ID_Hóspede, ID_Quarto, ID_Consumo, Data_Entrada, Dias_Ocupados)
values (2, 2, 2, '2015/08/26', 6);





insert into projeto_hotel.ocupação (ID_Hóspede, ID_Quarto, ID_Consumo, Data_Entrada, Dias_Ocupados)
values (3, 3, 3, '2015/08/26', 10);





insert into projeto_hotel.ocupação (ID_Hóspede, ID_Quarto, ID_Consumo, Data_Entrada, Dias_Ocupados)
values (4, 4, 4, '2015/08/26', 2);





insert into projeto_hotel.ocupação (ID_Hóspede, ID_Quarto, ID_Consumo, Data_Entrada, Dias_Ocupados)
values (5, 5, 5, '2015/08/26', 8);





insert into projeto_hotel.ocupação (ID_Hóspede, ID_Quarto, ID_Consumo, Data_Entrada, Dias_Ocupados)
values (6, 6, 6, '2015/09/03', 2);





insert into projeto_hotel.ocupação (ID_Hóspede, ID_Quarto, ID_Consumo, Data_Entrada, Dias_Ocupados)
values (7, 7, 7, '2015/09/03', 3);





insert into projeto_hotel.ocupação (ID_Hóspede, ID_Quarto, ID_Consumo, Data_Entrada, Dias_Ocupados)
values (8, 8, 8, '2015/09/03', 4);





insert into projeto_hotel.ocupação (ID_Hóspede, ID_Quarto, ID_Consumo, Data_Entrada, Dias_Ocupados)
values (9, 9, 9, '2015/09/03', 4);





insert into projeto_hotel.ocupação (ID_Hóspede, ID_Quarto, ID_Consumo, Data_Entrada, Dias_Ocupados)
values (10, 10, 10, '2015/09/03', 3);




insert into projeto_hotel.ocupação_hóspedes(Ocupação_ID_Ocupação, Hóspede_ID_Hóspede)
values (1, 1);



insert into projeto_hotel.ocupação_hóspedes(Ocupação_ID_Ocupação, Hóspede_ID_Hóspede)
values (2, 2);



insert into projeto_hotel.ocupação_hóspedes(Ocupação_ID_Ocupação, Hóspede_ID_Hóspede)
values (3, 3);



insert into projeto_hotel.ocupação_hóspedes(Ocupação_ID_Ocupação, Hóspede_ID_Hóspede)
values (4, 4);



insert into projeto_hotel.ocupação_hóspedes(Ocupação_ID_Ocupação, Hóspede_ID_Hóspede)
values (5, 5);

insert into projeto_hotel.ocupação_hóspedes(Ocupação_ID_Ocupação, Hóspede_ID_Hóspede)
values (6, 6);



insert into projeto_hotel.ocupação_hóspedes(Ocupação_ID_Ocupação, Hóspede_ID_Hóspede)
values (7, 7);



insert into projeto_hotel.ocupação_hóspedes(Ocupação_ID_Ocupação, Hóspede_ID_Hóspede)
values (8, 8);



insert into projeto_hotel.ocupação_hóspedes(Ocupação_ID_Ocupação, Hóspede_ID_Hóspede)
values (9, 9);



insert into projeto_hotel.ocupação_hóspedes(Ocupação_ID_Ocupação, Hóspede_ID_Hóspede)
values (10, 10);




insert into projeto_hotel.reserva (ID_Hóspede, ID_Quarto, Data_Reserva, Data_Expiração)
values (1, 1, '2015/03/01', '2015/03/05');




insert into projeto_hotel.reserva (ID_Hóspede, ID_Quarto, Data_Reserva, Data_Expiração)
values (2, 2, '2015/04/15', '2015/04/20');




insert into projeto_hotel.reserva (ID_Hóspede, ID_Quarto, Data_Reserva, Data_Expiração)
values (3, 3, '2015/05/05', '2015/05/10');




insert into projeto_hotel.reserva (ID_Hóspede, ID_Quarto, Data_Reserva, Data_Expiração)
values (4, 4, '2015/06/30', '2015/07/05');




insert into projeto_hotel.reserva (ID_Hóspede, ID_Quarto, Data_Reserva, Data_Expiração)
values (5, 5, '2015/08/18', '2015/08/23');



insert into projeto_hotel.reserva (ID_Hóspede, ID_Quarto, Data_Reserva, Data_Expiração)
values (6, 6, '2015/09/20', '2015/09/25');




insert into projeto_hotel.reserva (ID_Hóspede, ID_Quarto, Data_Reserva, Data_Expiração)
values (7, 7, '2015/12/25', '2015/12/30');




insert into projeto_hotel.reserva (ID_Hóspede, ID_Quarto, Data_Reserva, Data_Expiração)
values (8, 8, '2015/12/30', '2016/01/04');




insert into projeto_hotel.reserva (ID_Hóspede, ID_Quarto, Data_Reserva, Data_Expiração)
values (9, 9, '201601/10', '2016/01/15');



insert into projeto_hotel.reserva (ID_Hóspede, ID_Quarto, Data_Reserva, Data_Expiração)
values (10, 10, '2016/08/02', '2016/08/07');